timestamp,model_name,env_name,instruction,action_path,step_count,final_score
2026-01-05_00:13:16,llama-3.3-70b-instruct,frozenlake,"Destinations: [(3, 3)]; Map: [['S', 'F', 'H', 'H'], ['H', 'F', 'F', 'H'], ['H', 'H', 'F', 'F'], ['H', 'H', 'H', 'G']]",[1],1,0
2026-01-05_00:13:26,llama-3.3-70b-instruct,frozenlake,"Destinations: [(3, 3)]; Map: [['S', 'F', 'H', 'H'], ['H', 'F', 'F', 'H'], ['H', 'H', 'F', 'F'], ['H', 'H', 'H', 'G']]","[2, 1, 1]",3,0
2026-01-05_00:13:33,llama-3.3-70b-instruct,frozenlake,"Destinations: [(3, 3)]; Map: [['S', 'F', 'H', 'H'], ['H', 'F', 'F', 'H'], ['H', 'H', 'F', 'F'], ['H', 'H', 'H', 'G']]","[2, 1, 2, 2]",4,0
2026-01-05_00:13:43,llama-3.3-70b-instruct,frozenlake,"Destinations: [(3, 3)]; Map: [['S', 'F', 'H', 'H'], ['H', 'F', 'F', 'H'], ['H', 'H', 'F', 'F'], ['H', 'H', 'H', 'G']]","[2, 1, 2, 1, 2, 1]",6,1.0
2026-01-05_00:13:55,llama-3.3-70b-instruct,frozenlake,"Destinations: [(3, 3)]; Map: [['S', 'F', 'H', 'H'], ['H', 'F', 'F', 'H'], ['H', 'H', 'F', 'F'], ['H', 'H', 'H', 'G']]","[2, 1, 2, 1, 1]",5,0
2026-01-05_00:14:11,llama-3.3-70b-instruct,frozenlake,"Destinations: [(3, 3)]; Map: [['S', 'F', 'H', 'H'], ['H', 'F', 'F', 'H'], ['H', 'H', 'F', 'F'], ['H', 'H', 'H', 'G']]","[2, 1, 2, 1, 2, 1]",6,1.0
2026-01-05_00:14:34,llama-3.3-70b-instruct,frozenlake,"Destinations: [(3, 3)]; Map: [['S', 'F', 'H', 'H'], ['H', 'F', 'F', 'H'], ['H', 'H', 'F', 'F'], ['H', 'H', 'H', 'G']]","[2, 1, 2, 1, 2, 1]",6,1.0
2026-01-05_00:15:02,llama-3.3-70b-instruct,frozenlake,"Destinations: [(3, 3)]; Map: [['S', 'F', 'H', 'H'], ['H', 'F', 'F', 'H'], ['H', 'H', 'F', 'F'], ['H', 'H', 'H', 'G']]","[2, 1, 2, 1, 2, 1]",6,1.0
2026-01-05_00:15:22,llama-3.3-70b-instruct,frozenlake,"Destinations: [(3, 3)]; Map: [['S', 'F', 'H', 'H'], ['H', 'F', 'F', 'H'], ['H', 'H', 'F', 'F'], ['H', 'H', 'H', 'G']]","[2, 1, 2, 1, 2, 1]",6,1.0
2026-01-05_00:15:49,llama-3.3-70b-instruct,frozenlake,"Destinations: [(3, 3)]; Map: [['S', 'F', 'H', 'H'], ['H', 'F', 'F', 'H'], ['H', 'H', 'F', 'F'], ['H', 'H', 'H', 'G']]","[2, 1, 2, 1, 2, 1]",6,1.0
2026-01-05_00:16:04,llama-3.3-70b-instruct,frozenlake,"Destinations: [(3, 3)]; Map: [['S', 'F', 'H', 'H'], ['H', 'F', 'F', 'H'], ['H', 'H', 'F', 'F'], ['H', 'H', 'H', 'G']]","[2, 1, 2, 1, 2, 1]",6,1.0
2026-01-05_00:16:14,llama-3.3-70b-instruct,frozenlake,"Destinations: [(3, 3)]; Map: [['S', 'F', 'H', 'H'], ['H', 'F', 'F', 'H'], ['H', 'H', 'F', 'F'], ['H', 'H', 'H', 'G']]","[2, 1, 2, 1, 2, 1]",6,1.0
2026-01-05_00:16:24,llama-3.3-70b-instruct,frozenlake,"Destinations: [(3, 3)]; Map: [['S', 'F', 'H', 'H'], ['H', 'F', 'F', 'H'], ['H', 'H', 'F', 'F'], ['H', 'H', 'H', 'G']]","[2, 1, 2, 1, 2, 1]",6,1.0
2026-01-05_00:16:35,llama-3.3-70b-instruct,frozenlake,"Destinations: [(3, 3)]; Map: [['S', 'F', 'H', 'H'], ['H', 'F', 'F', 'H'], ['H', 'H', 'F', 'F'], ['H', 'H', 'H', 'G']]","[2, 1, 2, 1, 2, 1]",6,1.0
2026-01-05_00:16:46,llama-3.3-70b-instruct,frozenlake,"Destinations: [(3, 3)]; Map: [['S', 'F', 'H', 'H'], ['H', 'F', 'F', 'H'], ['H', 'H', 'F', 'F'], ['H', 'H', 'H', 'G']]","[2, 1, 2, 1, 2, 1]",6,1.0
2026-01-05_00:16:55,llama-3.3-70b-instruct,frozenlake,"Destinations: [(3, 3)]; Map: [['S', 'F', 'H', 'H'], ['H', 'F', 'F', 'H'], ['H', 'H', 'F', 'F'], ['H', 'H', 'H', 'G']]","[2, 1, 2, 1, 2, 1]",6,1.0
2026-01-05_00:17:06,llama-3.3-70b-instruct,frozenlake,"Destinations: [(3, 3)]; Map: [['S', 'F', 'H', 'H'], ['H', 'F', 'F', 'H'], ['H', 'H', 'F', 'F'], ['H', 'H', 'H', 'G']]","[2, 1, 2, 1, 2, 1]",6,1.0
2026-01-05_00:17:19,llama-3.3-70b-instruct,frozenlake,"Destinations: [(3, 3)]; Map: [['S', 'F', 'H', 'H'], ['H', 'F', 'F', 'H'], ['H', 'H', 'F', 'F'], ['H', 'H', 'H', 'G']]","[2, 1, 2, 1, 2, 1]",6,1.0
2026-01-05_00:17:29,llama-3.3-70b-instruct,frozenlake,"Destinations: [(3, 3)]; Map: [['S', 'F', 'H', 'H'], ['H', 'F', 'F', 'H'], ['H', 'H', 'F', 'F'], ['H', 'H', 'H', 'G']]","[2, 1, 2, 1, 2, 1]",6,1.0
2026-01-05_00:17:38,llama-3.3-70b-instruct,frozenlake,"Destinations: [(3, 3)]; Map: [['S', 'F', 'H', 'H'], ['H', 'F', 'F', 'H'], ['H', 'H', 'F', 'F'], ['H', 'H', 'H', 'G']]","[2, 1, 2, 1, 2, 1]",6,1.0
2026-01-05_00:17:40,llama-3.3-70b-instruct,frozenlake,"Destinations: [(3, 3)]; Map: [['S', 'H', 'H', 'H'], ['F', 'F', 'F', 'F'], ['H', 'H', 'H', 'F'], ['H', 'H', 'H', 'G']]",[2],1,0
2026-01-05_00:17:49,llama-3.3-70b-instruct,frozenlake,"Destinations: [(3, 3)]; Map: [['S', 'H', 'H', 'H'], ['F', 'F', 'F', 'F'], ['H', 'H', 'H', 'F'], ['H', 'H', 'H', 'G']]","[3, 3, 3, 3, 3, 2]",6,0
2026-01-05_00:17:59,llama-3.3-70b-instruct,frozenlake,"Destinations: [(3, 3)]; Map: [['S', 'H', 'H', 'H'], ['F', 'F', 'F', 'F'], ['H', 'H', 'H', 'F'], ['H', 'H', 'H', 'G']]","[3, 3, 3, 3, 3, 2]",6,0
2026-01-05_00:18:23,llama-3.3-70b-instruct,frozenlake,"Destinations: [(3, 3)]; Map: [['S', 'H', 'H', 'H'], ['F', 'F', 'F', 'F'], ['H', 'H', 'H', 'F'], ['H', 'H', 'H', 'G']]","[3, 3, 3, 3, 3, 3, 3, 3, 3, 3, 3, 3, 3, 2]",14,0
2026-01-05_00:18:47,llama-3.3-70b-instruct,frozenlake,"Destinations: [(3, 3)]; Map: [['S', 'H', 'H', 'H'], ['F', 'F', 'F', 'F'], ['H', 'H', 'H', 'F'], ['H', 'H', 'H', 'G']]","[3, 3, 3, 3, 3, 3, 3, 3, 3, 3, 3, 3, 2]",13,0
2026-01-05_00:18:59,llama-3.3-70b-instruct,frozenlake,"Destinations: [(3, 3)]; Map: [['S', 'H', 'H', 'H'], ['F', 'F', 'F', 'F'], ['H', 'H', 'H', 'F'], ['H', 'H', 'H', 'G']]","[3, 3, 3, 3, 3, 3, 2]",7,0
2026-01-05_00:19:17,llama-3.3-70b-instruct,frozenlake,"Destinations: [(3, 3)]; Map: [['S', 'H', 'H', 'H'], ['F', 'F', 'F', 'F'], ['H', 'H', 'H', 'F'], ['H', 'H', 'H', 'G']]","[3, 3, 3, 3, 3, 3, 3, 3, 3, 3, 2]",11,0
2026-01-05_00:19:40,llama-3.3-70b-instruct,frozenlake,"Destinations: [(3, 3)]; Map: [['S', 'H', 'H', 'H'], ['F', 'F', 'F', 'F'], ['H', 'H', 'H', 'F'], ['H', 'H', 'H', 'G']]","[3, 3, 3, 3, 3, 3, 3, 3, 3, 3, 3, 3, 2]",13,0
2026-01-05_00:20:05,llama-3.3-70b-instruct,frozenlake,"Destinations: [(3, 3)]; Map: [['S', 'H', 'H', 'H'], ['F', 'F', 'F', 'F'], ['H', 'H', 'H', 'F'], ['H', 'H', 'H', 'G']]","[3, 3, 3, 3, 3, 3, 3, 3, 3, 3, 3, 3, 3, 2]",14,0
2026-01-05_00:20:28,llama-3.3-70b-instruct,frozenlake,"Destinations: [(3, 3)]; Map: [['S', 'H', 'H', 'H'], ['F', 'F', 'F', 'F'], ['H', 'H', 'H', 'F'], ['H', 'H', 'H', 'G']]","[3, 3, 3, 3, 3, 3, 3, 3, 3, 3, 3, 3, 3, 2]",14,0
2026-01-05_00:20:39,llama-3.3-70b-instruct,frozenlake,"Destinations: [(3, 3)]; Map: [['S', 'H', 'H', 'H'], ['F', 'F', 'F', 'F'], ['H', 'H', 'H', 'F'], ['H', 'H', 'H', 'G']]","[3, 3, 3, 3, 3, 3, 3, 2]",8,0
2026-01-05_00:20:47,llama-3.3-70b-instruct,frozenlake,"Destinations: [(3, 3)]; Map: [['S', 'H', 'H', 'H'], ['F', 'F', 'F', 'F'], ['H', 'H', 'H', 'F'], ['H', 'H', 'H', 'G']]","[3, 3, 3, 3, 2]",5,0
2026-01-05_00:21:08,llama-3.3-70b-instruct,frozenlake,"Destinations: [(3, 3)]; Map: [['S', 'H', 'H', 'H'], ['F', 'F', 'F', 'F'], ['H', 'H', 'H', 'F'], ['H', 'H', 'H', 'G']]","[3, 3, 3, 3, 3, 3, 3, 3, 3, 3, 3, 3, 2]",13,0
2026-01-05_00:21:15,llama-3.3-70b-instruct,frozenlake,"Destinations: [(3, 3)]; Map: [['S', 'H', 'H', 'H'], ['F', 'F', 'F', 'F'], ['H', 'H', 'H', 'F'], ['H', 'H', 'H', 'G']]","[3, 3, 3, 2]",4,0
2026-01-05_00:21:33,llama-3.3-70b-instruct,frozenlake,"Destinations: [(3, 3)]; Map: [['S', 'H', 'H', 'H'], ['F', 'F', 'F', 'F'], ['H', 'H', 'H', 'F'], ['H', 'H', 'H', 'G']]","[3, 3, 3, 3, 3, 3, 3, 3, 3, 3, 3, 2]",12,0
2026-01-05_00:21:43,llama-3.3-70b-instruct,frozenlake,"Destinations: [(3, 3)]; Map: [['S', 'H', 'H', 'H'], ['F', 'F', 'F', 'F'], ['H', 'H', 'H', 'F'], ['H', 'H', 'H', 'G']]","[3, 3, 3, 3, 3, 2]",6,0
2026-01-05_00:22:03,llama-3.3-70b-instruct,frozenlake,"Destinations: [(3, 3)]; Map: [['S', 'H', 'H', 'H'], ['F', 'F', 'F', 'F'], ['H', 'H', 'H', 'F'], ['H', 'H', 'H', 'G']]","[3, 3, 3, 3, 3, 3, 3, 3, 3, 3, 3, 3, 2]",13,0
2026-01-05_00:22:13,llama-3.3-70b-instruct,frozenlake,"Destinations: [(3, 3)]; Map: [['S', 'H', 'H', 'H'], ['F', 'F', 'F', 'F'], ['H', 'H', 'H', 'F'], ['H', 'H', 'H', 'G']]","[3, 3, 3, 3, 3, 3, 2]",7,0
2026-01-05_00:22:22,llama-3.3-70b-instruct,frozenlake,"Destinations: [(3, 3)]; Map: [['S', 'H', 'H', 'H'], ['F', 'F', 'F', 'F'], ['H', 'H', 'H', 'F'], ['H', 'H', 'H', 'G']]","[3, 3, 3, 3, 2]",5,0
2026-01-05_00:22:32,llama-3.3-70b-instruct,frozenlake,"Destinations: [(3, 3)]; Map: [['S', 'H', 'H', 'H'], ['F', 'F', 'F', 'F'], ['H', 'H', 'H', 'F'], ['H', 'H', 'H', 'G']]","[3, 3, 3, 3, 3, 3, 2]",7,0
2026-01-05_00:22:40,llama-3.3-70b-instruct,frozenlake,"Destinations: [(3, 3)]; Map: [['S', 'H', 'H', 'H'], ['F', 'H', 'H', 'H'], ['F', 'F', 'F', 'F'], ['H', 'H', 'H', 'G']]","[3, 3, 3, 3, 2]",5,0
2026-01-05_00:22:51,llama-3.3-70b-instruct,frozenlake,"Destinations: [(3, 3)]; Map: [['S', 'H', 'H', 'H'], ['F', 'H', 'H', 'H'], ['F', 'F', 'F', 'F'], ['H', 'H', 'H', 'G']]","[3, 3, 3, 3, 3, 3, 2]",7,0
2026-01-05_00:22:58,llama-3.3-70b-instruct,frozenlake,"Destinations: [(3, 3)]; Map: [['S', 'H', 'H', 'H'], ['F', 'H', 'H', 'H'], ['F', 'F', 'F', 'F'], ['H', 'H', 'H', 'G']]","[3, 3, 3, 2]",4,0
2026-01-05_00:23:11,llama-3.3-70b-instruct,frozenlake,"Destinations: [(3, 3)]; Map: [['S', 'H', 'H', 'H'], ['F', 'H', 'H', 'H'], ['F', 'F', 'F', 'F'], ['H', 'H', 'H', 'G']]","[3, 3, 3, 3, 3, 3, 3, 2]",8,0
2026-01-05_00:23:31,llama-3.3-70b-instruct,frozenlake,"Destinations: [(3, 3)]; Map: [['S', 'H', 'H', 'H'], ['F', 'H', 'H', 'H'], ['F', 'F', 'F', 'F'], ['H', 'H', 'H', 'G']]","[3, 3, 3, 3, 3, 3, 3, 3, 3, 3, 3, 2]",12,0
2026-01-05_00:23:45,llama-3.3-70b-instruct,frozenlake,"Destinations: [(3, 3)]; Map: [['S', 'H', 'H', 'H'], ['F', 'H', 'H', 'H'], ['F', 'F', 'F', 'F'], ['H', 'H', 'H', 'G']]","[3, 3, 3, 3, 3, 3, 3, 2]",8,0
2026-01-05_00:24:18,llama-3.3-70b-instruct,frozenlake,"Destinations: [(3, 3)]; Map: [['S', 'H', 'H', 'H'], ['F', 'H', 'H', 'H'], ['F', 'F', 'F', 'F'], ['H', 'H', 'H', 'G']]","[3, 3, 3, 3, 3, 3, 2]",7,0
2026-01-05_00:24:31,llama-3.3-70b-instruct,frozenlake,"Destinations: [(3, 3)]; Map: [['S', 'H', 'H', 'H'], ['F', 'H', 'H', 'H'], ['F', 'F', 'F', 'F'], ['H', 'H', 'H', 'G']]","[3, 3, 3, 3, 2]",5,0
2026-01-05_00:24:45,llama-3.3-70b-instruct,frozenlake,"Destinations: [(3, 3)]; Map: [['S', 'H', 'H', 'H'], ['F', 'H', 'H', 'H'], ['F', 'F', 'F', 'F'], ['H', 'H', 'H', 'G']]","[3, 3, 3, 3, 2]",5,0
2026-01-05_00:25:06,llama-3.3-70b-instruct,frozenlake,"Destinations: [(3, 3)]; Map: [['S', 'H', 'H', 'H'], ['F', 'H', 'H', 'H'], ['F', 'F', 'F', 'F'], ['H', 'H', 'H', 'G']]","[3, 3, 3, 3, 3, 2]",6,0
2026-01-05_00:25:26,llama-3.3-70b-instruct,frozenlake,"Destinations: [(3, 3)]; Map: [['S', 'H', 'H', 'H'], ['F', 'H', 'H', 'H'], ['F', 'F', 'F', 'F'], ['H', 'H', 'H', 'G']]","[3, 3, 3, 3, 3, 3, 2]",7,0
2026-01-05_00:25:52,llama-3.3-70b-instruct,frozenlake,"Destinations: [(3, 3)]; Map: [['S', 'H', 'H', 'H'], ['F', 'H', 'H', 'H'], ['F', 'F', 'F', 'F'], ['H', 'H', 'H', 'G']]","[3, 3, 3, 3, 3, 3, 3, 2]",8,0
2026-01-05_00:26:03,llama-3.3-70b-instruct,frozenlake,"Destinations: [(3, 3)]; Map: [['S', 'H', 'H', 'H'], ['F', 'H', 'H', 'H'], ['F', 'F', 'F', 'F'], ['H', 'H', 'H', 'G']]","[3, 3, 3, 3, 3, 2]",6,0
2026-01-05_00:26:13,llama-3.3-70b-instruct,frozenlake,"Destinations: [(3, 3)]; Map: [['S', 'H', 'H', 'H'], ['F', 'H', 'H', 'H'], ['F', 'F', 'F', 'F'], ['H', 'H', 'H', 'G']]","[3, 3, 3, 3, 3, 2]",6,0
2026-01-05_00:26:20,llama-3.3-70b-instruct,frozenlake,"Destinations: [(3, 3)]; Map: [['S', 'H', 'H', 'H'], ['F', 'H', 'H', 'H'], ['F', 'F', 'F', 'F'], ['H', 'H', 'H', 'G']]","[3, 3, 3, 3, 2]",5,0
2026-01-05_00:26:44,llama-3.3-70b-instruct,frozenlake,"Destinations: [(3, 3)]; Map: [['S', 'H', 'H', 'H'], ['F', 'H', 'H', 'H'], ['F', 'F', 'F', 'F'], ['H', 'H', 'H', 'G']]","[3, 3, 3, 3, 3, 3, 3, 3, 3, 3, 3, 3, 3, 2]",14,0
2026-01-05_00:27:11,llama-3.3-70b-instruct,frozenlake,"Destinations: [(3, 3)]; Map: [['S', 'H', 'H', 'H'], ['F', 'H', 'H', 'H'], ['F', 'F', 'F', 'F'], ['H', 'H', 'H', 'G']]","[3, 3, 3, 3, 3, 3, 3, 3, 3, 3, 3, 3, 3, 3, 2]",15,0
2026-01-05_00:27:21,llama-3.3-70b-instruct,frozenlake,"Destinations: [(3, 3)]; Map: [['S', 'H', 'H', 'H'], ['F', 'H', 'H', 'H'], ['F', 'F', 'F', 'F'], ['H', 'H', 'H', 'G']]","[3, 3, 3, 3, 2]",5,0
2026-01-05_00:27:32,llama-3.3-70b-instruct,frozenlake,"Destinations: [(3, 3)]; Map: [['S', 'H', 'H', 'H'], ['F', 'H', 'H', 'H'], ['F', 'F', 'F', 'F'], ['H', 'H', 'H', 'G']]","[3, 3, 3, 3, 3, 2]",6,0
2026-01-05_00:27:41,llama-3.3-70b-instruct,frozenlake,"Destinations: [(3, 3)]; Map: [['S', 'H', 'H', 'H'], ['F', 'H', 'H', 'H'], ['F', 'F', 'F', 'F'], ['H', 'H', 'H', 'G']]","[3, 3, 3, 3, 2]",5,0
